﻿<?xml version="1.0" encoding="UTF-8"?>
<data>
  <resource key="கன்சோல்">Console</resource>
  <resource key="பயன்படுத்துகிறது">using</resource>
  <resource key="அமைப்பு">System</resource>
  <resource key="பெயர்வெளி">namespace</resource>
  <resource key="வகை">class</resource>
  <resource key="திட்டம்">Program</resource>
  <resource key="பொது">public</resource>
  <resource key="நிலையான">static</resource>
  <resource key="வெறுமை">void</resource>
  <resource key="முதன்மை">Main</resource>
  <resource key="கோவை">string</resource>
  <resource key="தருமதிப்புகள்">args</resource>
  <resource key="இருந்தால்">if</resource>
  <resource key="இல்லாவிட்டால்">else</resource>
<resource key="பூலியன்">bool</resource>
<resource key="சரி">true</resource>
<resource key="தவறு">false</resource>
</data>
